"Id","CanonicalCandidate","DuplicateCount","Locations"
"acoustic-guitar","lib\features\trading_hub\arc_raiders\data\unified_item_index.dart","2","lib\features\trading_hub\arc_raiders\data\trade_items_data.dart | lib\features\trading_hub\arc_raiders\data\unified_item_index.dart"
"adrenaline-shot","lib\features\trading_hub\arc_raiders\data\unified_item_index.dart","2","lib\features\trading_hub\arc_raiders\data\trade_items_data.dart | lib\features\trading_hub\arc_raiders\data\unified_item_index.dart"
"advanced-arc-powercell","lib\features\trading_hub\arc_raiders\data\unified_item_index.dart","3","lib\features\trading_hub\arc_raiders\data\arc_trade_catalog.dart | lib\features\trading_hub\arc_raiders\data\trade_items_data.dart | lib\features\trading_hub\arc_raiders\data\unified_item_index.dart"
"advanced-electrical-components","lib\features\trading_hub\arc_raiders\data\unified_item_index.dart","3","lib\features\trading_hub\arc_raiders\data\arc_trade_catalog.dart | lib\features\trading_hub\arc_raiders\data\trade_items_data.dart | lib\features\trading_hub\arc_raiders\data\unified_item_index.dart"
"advanced-mechanical-components","lib\features\trading_hub\arc_raiders\data\unified_item_index.dart","3","lib\features\trading_hub\arc_raiders\data\arc_trade_catalog.dart | lib\features\trading_hub\arc_raiders\data\trade_items_data.dart | lib\features\trading_hub\arc_raiders\data\unified_item_index.dart"
"agave","lib\features\trading_hub\arc_raiders\data\unified_item_index.dart","4","lib\features\trading_hub\arc_raiders\data\arc_scrappy_food_queue_data.dart | lib\features\trading_hub\arc_raiders\data\arc_trade_catalog.dart | lib\features\trading_hub\arc_raiders\data\trade_items_data.dart | lib\features\trading_hub\arc_raiders\data\unified_item_index.dart"
"agave-juice","lib\features\trading_hub\arc_raiders\data\unified_item_index.dart","2","lib\features\trading_hub\arc_raiders\data\trade_items_data.dart | lib\features\trading_hub\arc_raiders\data\unified_item_index.dart"
"alien-duck","lib\features\trading_hub\arc_raiders\data\unified_item_index.dart","2","lib\features\trading_hub\arc_raiders\data\trade_items_data.dart | lib\features\trading_hub\arc_raiders\data\unified_item_index.dart"
"ancient-fort-security-code","lib\features\trading_hub\arc_raiders\data\unified_item_index.dart","2","lib\features\trading_hub\arc_raiders\data\arc_trade_catalog.dart | lib\features\trading_hub\arc_raiders\data\unified_item_index.dart"
"angled-grip-i","lib\features\trading_hub\arc_raiders\data\unified_item_index.dart","2","lib\features\trading_hub\arc_raiders\data\arc_trade_catalog.dart | lib\features\trading_hub\arc_raiders\data\unified_item_index.dart"
"angled-grip-ii","lib\features\trading_hub\arc_raiders\data\arc_blueprint_seed_data.dart","3","lib\features\trading_hub\arc_raiders\data\arc_blueprint_seed_data.dart | lib\features\trading_hub\arc_raiders\data\arc_trade_catalog.dart | lib\features\trading_hub\arc_raiders\data\unified_item_index.dart"
"angled-grip-iii","lib\features\trading_hub\arc_raiders\data\arc_blueprint_seed_data.dart","3","lib\features\trading_hub\arc_raiders\data\arc_blueprint_seed_data.dart | lib\features\trading_hub\arc_raiders\data\arc_trade_catalog.dart | lib\features\trading_hub\arc_raiders\data\unified_item_index.dart"
"antiseptic","lib\features\trading_hub\arc_raiders\data\unified_item_index.dart","3","lib\features\trading_hub\arc_raiders\data\arc_trade_catalog.dart | lib\features\trading_hub\arc_raiders\data\trade_items_data.dart | lib\features\trading_hub\arc_raiders\data\unified_item_index.dart"
"anvil","lib\features\trading_hub\arc_raiders\data\arc_blueprint_seed_data.dart","3","lib\features\trading_hub\arc_raiders\data\arc_blueprint_seed_data.dart | lib\features\trading_hub\arc_raiders\data\arc_trade_catalog.dart | lib\features\trading_hub\arc_raiders\data\unified_item_index.dart"
"anvil-splitter","lib\features\trading_hub\arc_raiders\data\unified_item_index.dart","2","lib\features\trading_hub\arc_raiders\data\arc_trade_catalog.dart | lib\features\trading_hub\arc_raiders\data\unified_item_index.dart"
"aphelion","lib\features\trading_hub\arc_raiders\data\arc_blueprint_seed_data.dart","3","lib\features\trading_hub\arc_raiders\data\arc_blueprint_seed_data.dart | lib\features\trading_hub\arc_raiders\data\arc_trade_catalog.dart | lib\features\trading_hub\arc_raiders\data\unified_item_index.dart"
"apricot","lib\features\trading_hub\arc_raiders\data\unified_item_index.dart","3","lib\features\trading_hub\arc_raiders\data\arc_trade_catalog.dart | lib\features\trading_hub\arc_raiders\data\trade_items_data.dart | lib\features\trading_hub\arc_raiders\data\unified_item_index.dart"
"apricots","lib\features\trading_hub\arc_raiders\data\arc_trade_catalog.dart","2","lib\features\trading_hub\arc_raiders\data\arc_scrappy_food_queue_data.dart | lib\features\trading_hub\arc_raiders\data\arc_trade_catalog.dart"
"apricots-tier-2","lib\features\trading_hub\arc_raiders\data\unified_item_index.dart","2","lib\features\trading_hub\arc_raiders\data\arc_scrappy_seed_data.dart | lib\features\trading_hub\arc_raiders\data\unified_item_index.dart"
"arc-alloy","lib\features\trading_hub\arc_raiders\data\unified_item_index.dart","3","lib\features\trading_hub\arc_raiders\data\arc_trade_catalog.dart | lib\features\trading_hub\arc_raiders\data\trade_items_data.dart | lib\features\trading_hub\arc_raiders\data\unified_item_index.dart"
"arc-circuitry","lib\features\trading_hub\arc_raiders\data\unified_item_index.dart","3","lib\features\trading_hub\arc_raiders\data\arc_trade_catalog.dart | lib\features\trading_hub\arc_raiders\data\trade_items_data.dart | lib\features\trading_hub\arc_raiders\data\unified_item_index.dart"
"arc-coolant","lib\features\trading_hub\arc_raiders\data\unified_item_index.dart","2","lib\features\trading_hub\arc_raiders\data\arc_trade_catalog.dart | lib\features\trading_hub\arc_raiders\data\unified_item_index.dart"
"arc-flex-rubber","lib\features\trading_hub\arc_raiders\data\unified_item_index.dart","2","lib\features\trading_hub\arc_raiders\data\arc_trade_catalog.dart | lib\features\trading_hub\arc_raiders\data\unified_item_index.dart"
"arc-motion-core","lib\features\trading_hub\arc_raiders\data\unified_item_index.dart","3","lib\features\trading_hub\arc_raiders\data\arc_trade_catalog.dart | lib\features\trading_hub\arc_raiders\data\trade_items_data.dart | lib\features\trading_hub\arc_raiders\data\unified_item_index.dart"
"arc-motion-cores","lib\features\trading_hub\arc_raiders\data\unified_item_index.dart","2","lib\features\trading_hub\arc_raiders\data\arc_trade_catalog.dart | lib\features\trading_hub\arc_raiders\data\unified_item_index.dart"
"arc-performance-steel","lib\features\trading_hub\arc_raiders\data\unified_item_index.dart","2","lib\features\trading_hub\arc_raiders\data\arc_trade_catalog.dart | lib\features\trading_hub\arc_raiders\data\unified_item_index.dart"
"arc-powercell","lib\features\trading_hub\arc_raiders\data\unified_item_index.dart","3","lib\features\trading_hub\arc_raiders\data\arc_trade_catalog.dart | lib\features\trading_hub\arc_raiders\data\trade_items_data.dart | lib\features\trading_hub\arc_raiders\data\unified_item_index.dart"
"arc-powercells","lib\features\trading_hub\arc_raiders\data\unified_item_index.dart","2","lib\features\trading_hub\arc_raiders\data\arc_trade_catalog.dart | lib\features\trading_hub\arc_raiders\data\unified_item_index.dart"
"arc-synthetic-resin","lib\features\trading_hub\arc_raiders\data\unified_item_index.dart","2","lib\features\trading_hub\arc_raiders\data\arc_trade_catalog.dart | lib\features\trading_hub\arc_raiders\data\unified_item_index.dart"
"arc-thermo-lining","lib\features\trading_hub\arc_raiders\data\unified_item_index.dart","2","lib\features\trading_hub\arc_raiders\data\arc_trade_catalog.dart | lib\features\trading_hub\arc_raiders\data\unified_item_index.dart"
"arpeggio","lib\features\trading_hub\arc_raiders\data\unified_item_index.dart","2","lib\features\trading_hub\arc_raiders\data\arc_trade_catalog.dart | lib\features\trading_hub\arc_raiders\data\unified_item_index.dart"
"assessor-matrix","lib\features\trading_hub\arc_raiders\data\unified_item_index.dart","2","lib\features\trading_hub\arc_raiders\data\arc_trade_catalog.dart | lib\features\trading_hub\arc_raiders\data\unified_item_index.dart"
"assorted-seeds","lib\features\trading_hub\arc_raiders\data\unified_item_index.dart","2","lib\features\trading_hub\arc_raiders\data\arc_trade_catalog.dart | lib\features\trading_hub\arc_raiders\data\unified_item_index.dart"
"bandage","lib\features\trading_hub\arc_raiders\data\unified_item_index.dart","2","lib\features\trading_hub\arc_raiders\data\arc_trade_catalog.dart | lib\features\trading_hub\arc_raiders\data\unified_item_index.dart"
"bastion-cell","lib\features\trading_hub\arc_raiders\data\unified_item_index.dart","2","lib\features\trading_hub\arc_raiders\data\arc_trade_catalog.dart | lib\features\trading_hub\arc_raiders\data\unified_item_index.dart"
"bastion-cells","lib\features\trading_hub\arc_raiders\data\unified_item_index.dart","2","lib\features\trading_hub\arc_raiders\data\arc_trade_catalog.dart | lib\features\trading_hub\arc_raiders\data\unified_item_index.dart"
"battery","lib\features\trading_hub\arc_raiders\data\unified_item_index.dart","3","lib\features\trading_hub\arc_raiders\data\arc_trade_catalog.dart | lib\features\trading_hub\arc_raiders\data\trade_items_data.dart | lib\features\trading_hub\arc_raiders\data\unified_item_index.dart"
"beachcombing-cache","lib\features\trading_hub\arc_raiders\data\unified_item_index.dart","2","lib\features\trading_hub\arc_raiders\data\trade_items_data.dart | lib\features\trading_hub\arc_raiders\data\unified_item_index.dart"
"bettina","lib\features\trading_hub\arc_raiders\data\arc_blueprint_seed_data.dart","3","lib\features\trading_hub\arc_raiders\data\arc_blueprint_seed_data.dart | lib\features\trading_hub\arc_raiders\data\arc_trade_catalog.dart | lib\features\trading_hub\arc_raiders\data\unified_item_index.dart"
"bicycle-pump","lib\features\trading_hub\arc_raiders\data\unified_item_index.dart","2","lib\features\trading_hub\arc_raiders\data\trade_items_data.dart | lib\features\trading_hub\arc_raiders\data\unified_item_index.dart"
"blue-gate-cellar-key","lib\features\trading_hub\arc_raiders\data\unified_item_index.dart","2","lib\features\trading_hub\arc_raiders\data\arc_trade_catalog.dart | lib\features\trading_hub\arc_raiders\data\unified_item_index.dart"
"blue-gate-communication-tower-key","lib\features\trading_hub\arc_raiders\data\unified_item_index.dart","2","lib\features\trading_hub\arc_raiders\data\arc_trade_catalog.dart | lib\features\trading_hub\arc_raiders\data\unified_item_index.dart"
"blue-gate-confiscation-room-key","lib\features\trading_hub\arc_raiders\data\unified_item_index.dart","2","lib\features\trading_hub\arc_raiders\data\arc_trade_catalog.dart | lib\features\trading_hub\arc_raiders\data\unified_item_index.dart"
"blue-gate-village-key","lib\features\trading_hub\arc_raiders\data\unified_item_index.dart","2","lib\features\trading_hub\arc_raiders\data\arc_trade_catalog.dart | lib\features\trading_hub\arc_raiders\data\unified_item_index.dart"
"bobcat","lib\features\trading_hub\arc_raiders\data\arc_blueprint_seed_data.dart","3","lib\features\trading_hub\arc_raiders\data\arc_blueprint_seed_data.dart | lib\features\trading_hub\arc_raiders\data\arc_trade_catalog.dart | lib\features\trading_hub\arc_raiders\data\unified_item_index.dart"
"bombardier-cell","lib\features\trading_hub\arc_raiders\data\unified_item_index.dart","2","lib\features\trading_hub\arc_raiders\data\arc_trade_catalog.dart | lib\features\trading_hub\arc_raiders\data\unified_item_index.dart"
"bombardier-cells","lib\features\trading_hub\arc_raiders\data\unified_item_index.dart","2","lib\features\trading_hub\arc_raiders\data\arc_trade_catalog.dart | lib\features\trading_hub\arc_raiders\data\unified_item_index.dart"
"breach-room","lib\features\trading_hub\arc_raiders\data\unified_item_index.dart","2","lib\features\trading_hub\arc_raiders\data\trade_items_data.dart | lib\features\trading_hub\arc_raiders\data\unified_item_index.dart"
"breach-room-key","lib\features\trading_hub\arc_raiders\data\unified_item_index.dart","2","lib\features\trading_hub\arc_raiders\data\trade_items_data.dart | lib\features\trading_hub\arc_raiders\data\unified_item_index.dart"
"buried-city-hospital-key","lib\features\trading_hub\arc_raiders\data\unified_item_index.dart","2","lib\features\trading_hub\arc_raiders\data\arc_trade_catalog.dart | lib\features\trading_hub\arc_raiders\data\unified_item_index.dart"
"buried-city-jkv-employee-access-card","lib\features\trading_hub\arc_raiders\data\unified_item_index.dart","2","lib\features\trading_hub\arc_raiders\data\arc_trade_catalog.dart | lib\features\trading_hub\arc_raiders\data\unified_item_index.dart"
"buried-city-residential-master-key","lib\features\trading_hub\arc_raiders\data\unified_item_index.dart","2","lib\features\trading_hub\arc_raiders\data\arc_trade_catalog.dart | lib\features\trading_hub\arc_raiders\data\unified_item_index.dart"
"buried-city-town-hall-key","lib\features\trading_hub\arc_raiders\data\unified_item_index.dart","2","lib\features\trading_hub\arc_raiders\data\arc_trade_catalog.dart | lib\features\trading_hub\arc_raiders\data\unified_item_index.dart"
"burletta","lib\features\trading_hub\arc_raiders\data\arc_blueprint_seed_data.dart","3","lib\features\trading_hub\arc_raiders\data\arc_blueprint_seed_data.dart | lib\features\trading_hub\arc_raiders\data\arc_trade_catalog.dart | lib\features\trading_hub\arc_raiders\data\unified_item_index.dart"
"camera-lens","lib\features\trading_hub\arc_raiders\data\unified_item_index.dart","2","lib\features\trading_hub\arc_raiders\data\trade_items_data.dart | lib\features\trading_hub\arc_raiders\data\unified_item_index.dart"
"canister","lib\features\trading_hub\arc_raiders\data\unified_item_index.dart","3","lib\features\trading_hub\arc_raiders\data\arc_trade_catalog.dart | lib\features\trading_hub\arc_raiders\data\trade_items_data.dart | lib\features\trading_hub\arc_raiders\data\unified_item_index.dart"
"canto","lib\features\trading_hub\arc_raiders\data\arc_blueprint_seed_data.dart","3","lib\features\trading_hub\arc_raiders\data\arc_blueprint_seed_data.dart | lib\features\trading_hub\arc_raiders\data\arc_trade_catalog.dart | lib\features\trading_hub\arc_raiders\data\unified_item_index.dart"
"cat-bed","lib\features\trading_hub\arc_raiders\data\unified_item_index.dart","3","lib\features\trading_hub\arc_raiders\data\arc_scrappy_seed_data.dart | lib\features\trading_hub\arc_raiders\data\arc_trade_catalog.dart | lib\features\trading_hub\arc_raiders\data\unified_item_index.dart"
"chemicals","lib\features\trading_hub\arc_raiders\data\unified_item_index.dart","3","lib\features\trading_hub\arc_raiders\data\arc_trade_catalog.dart | lib\features\trading_hub\arc_raiders\data\trade_items_data.dart | lib\features\trading_hub\arc_raiders\data\unified_item_index.dart"
"chip-pods","lib\features\trading_hub\arc_raiders\data\unified_item_index.dart","2","lib\features\trading_hub\arc_raiders\data\trade_items_data.dart | lib\features\trading_hub\arc_raiders\data\unified_item_index.dart"
"coffee-pot","lib\features\trading_hub\arc_raiders\data\unified_item_index.dart","2","lib\features\trading_hub\arc_raiders\data\trade_items_data.dart | lib\features\trading_hub\arc_raiders\data\unified_item_index.dart"
"comet-igniter","lib\features\trading_hub\arc_raiders\data\unified_item_index.dart","2","lib\features\trading_hub\arc_raiders\data\trade_items_data.dart | lib\features\trading_hub\arc_raiders\data\unified_item_index.dart"
"compensator-i","lib\features\trading_hub\arc_raiders\data\unified_item_index.dart","2","lib\features\trading_hub\arc_raiders\data\arc_trade_catalog.dart | lib\features\trading_hub\arc_raiders\data\unified_item_index.dart"
"compensator-ii","lib\features\trading_hub\arc_raiders\data\arc_blueprint_seed_data.dart","3","lib\features\trading_hub\arc_raiders\data\arc_blueprint_seed_data.dart | lib\features\trading_hub\arc_raiders\data\arc_trade_catalog.dart | lib\features\trading_hub\arc_raiders\data\unified_item_index.dart"
"compensator-iii","lib\features\trading_hub\arc_raiders\data\arc_blueprint_seed_data.dart","3","lib\features\trading_hub\arc_raiders\data\arc_blueprint_seed_data.dart | lib\features\trading_hub\arc_raiders\data\arc_trade_catalog.dart | lib\features\trading_hub\arc_raiders\data\unified_item_index.dart"
"complex-gun-parts","lib\features\trading_hub\arc_raiders\data\arc_blueprint_seed_data.dart","3","lib\features\trading_hub\arc_raiders\data\arc_blueprint_seed_data.dart | lib\features\trading_hub\arc_raiders\data\trade_items_data.dart | lib\features\trading_hub\arc_raiders\data\unified_item_index.dart"
"cool-box-on-wheels","lib\features\trading_hub\arc_raiders\data\unified_item_index.dart","2","lib\features\trading_hub\arc_raiders\data\trade_items_data.dart | lib\features\trading_hub\arc_raiders\data\unified_item_index.dart"
"cracked-bioscanners","lib\features\trading_hub\arc_raiders\data\unified_item_index.dart","2","lib\features\trading_hub\arc_raiders\data\arc_trade_catalog.dart | lib\features\trading_hub\arc_raiders\data\unified_item_index.dart"
"crude-explosives","lib\features\trading_hub\arc_raiders\data\unified_item_index.dart","3","lib\features\trading_hub\arc_raiders\data\arc_trade_catalog.dart | lib\features\trading_hub\arc_raiders\data\trade_items_data.dart | lib\features\trading_hub\arc_raiders\data\unified_item_index.dart"
"damaged-heat-sink","lib\features\trading_hub\arc_raiders\data\unified_item_index.dart","2","lib\features\trading_hub\arc_raiders\data\trade_items_data.dart | lib\features\trading_hub\arc_raiders\data\unified_item_index.dart"
"damaged-heat-sinks","lib\features\trading_hub\arc_raiders\data\unified_item_index.dart","2","lib\features\trading_hub\arc_raiders\data\arc_trade_catalog.dart | lib\features\trading_hub\arc_raiders\data\unified_item_index.dart"
"dam-controlled-access-zone-key","lib\features\trading_hub\arc_raiders\data\unified_item_index.dart","2","lib\features\trading_hub\arc_raiders\data\arc_trade_catalog.dart | lib\features\trading_hub\arc_raiders\data\unified_item_index.dart"
"dam-control-tower-key","lib\features\trading_hub\arc_raiders\data\unified_item_index.dart","2","lib\features\trading_hub\arc_raiders\data\arc_trade_catalog.dart | lib\features\trading_hub\arc_raiders\data\unified_item_index.dart"
"dam-staff-room-key","lib\features\trading_hub\arc_raiders\data\unified_item_index.dart","2","lib\features\trading_hub\arc_raiders\data\arc_trade_catalog.dart | lib\features\trading_hub\arc_raiders\data\unified_item_index.dart"
"dam-surveillance-key","lib\features\trading_hub\arc_raiders\data\unified_item_index.dart","2","lib\features\trading_hub\arc_raiders\data\arc_trade_catalog.dart | lib\features\trading_hub\arc_raiders\data\unified_item_index.dart"
"dam-testing-annex-key","lib\features\trading_hub\arc_raiders\data\unified_item_index.dart","2","lib\features\trading_hub\arc_raiders\data\arc_trade_catalog.dart | lib\features\trading_hub\arc_raiders\data\unified_item_index.dart"
"dam-utility-key","lib\features\trading_hub\arc_raiders\data\unified_item_index.dart","2","lib\features\trading_hub\arc_raiders\data\arc_trade_catalog.dart | lib\features\trading_hub\arc_raiders\data\unified_item_index.dart"
"deflated-football","lib\features\trading_hub\arc_raiders\data\unified_item_index.dart","2","lib\features\trading_hub\arc_raiders\data\trade_items_data.dart | lib\features\trading_hub\arc_raiders\data\unified_item_index.dart"
"dog-collar","lib\features\trading_hub\arc_raiders\data\unified_item_index.dart","3","lib\features\trading_hub\arc_raiders\data\arc_scrappy_seed_data.dart | lib\features\trading_hub\arc_raiders\data\arc_trade_catalog.dart | lib\features\trading_hub\arc_raiders\data\unified_item_index.dart"
"dolabra","lib\features\trading_hub\arc_raiders\data\arc_blueprint_seed_data.dart","3","lib\features\trading_hub\arc_raiders\data\arc_blueprint_seed_data.dart | lib\features\trading_hub\arc_raiders\data\arc_trade_catalog.dart | lib\features\trading_hub\arc_raiders\data\unified_item_index.dart"
"duct-tape","lib\features\trading_hub\arc_raiders\data\unified_item_index.dart","3","lib\features\trading_hub\arc_raiders\data\arc_trade_catalog.dart | lib\features\trading_hub\arc_raiders\data\trade_items_data.dart | lib\features\trading_hub\arc_raiders\data\unified_item_index.dart"
"durable-cloth","lib\features\trading_hub\arc_raiders\data\unified_item_index.dart","2","lib\features\trading_hub\arc_raiders\data\arc_trade_catalog.dart | lib\features\trading_hub\arc_raiders\data\unified_item_index.dart"
"electrical-components","lib\features\trading_hub\arc_raiders\data\unified_item_index.dart","3","lib\features\trading_hub\arc_raiders\data\arc_trade_catalog.dart | lib\features\trading_hub\arc_raiders\data\trade_items_data.dart | lib\features\trading_hub\arc_raiders\data\unified_item_index.dart"
"empty-wine-bottle","lib\features\trading_hub\arc_raiders\data\unified_item_index.dart","2","lib\features\trading_hub\arc_raiders\data\trade_items_data.dart | lib\features\trading_hub\arc_raiders\data\unified_item_index.dart"
"energy-ammo","lib\features\trading_hub\arc_raiders\data\unified_item_index.dart","2","lib\features\trading_hub\arc_raiders\data\trade_items_data.dart | lib\features\trading_hub\arc_raiders\data\unified_item_index.dart"
"equalizer","lib\features\trading_hub\arc_raiders\data\arc_blueprint_seed_data.dart","3","lib\features\trading_hub\arc_raiders\data\arc_blueprint_seed_data.dart | lib\features\trading_hub\arc_raiders\data\arc_trade_catalog.dart | lib\features\trading_hub\arc_raiders\data\unified_item_index.dart"
"espresso-machine-parts","lib\features\trading_hub\arc_raiders\data\unified_item_index.dart","2","lib\features\trading_hub\arc_raiders\data\trade_items_data.dart | lib\features\trading_hub\arc_raiders\data\unified_item_index.dart"
"exodus-module","lib\features\trading_hub\arc_raiders\data\unified_item_index.dart","2","lib\features\trading_hub\arc_raiders\data\trade_items_data.dart | lib\features\trading_hub\arc_raiders\data\unified_item_index.dart"
"explosive-compound","lib\features\trading_hub\arc_raiders\data\unified_item_index.dart","3","lib\features\trading_hub\arc_raiders\data\arc_trade_catalog.dart | lib\features\trading_hub\arc_raiders\data\trade_items_data.dart | lib\features\trading_hub\arc_raiders\data\unified_item_index.dart"
"explosive-compounds","lib\features\trading_hub\arc_raiders\data\unified_item_index.dart","2","lib\features\trading_hub\arc_raiders\data\arc_trade_catalog.dart | lib\features\trading_hub\arc_raiders\data\unified_item_index.dart"
"extended-barrel","lib\features\trading_hub\arc_raiders\data\arc_blueprint_seed_data.dart","3","lib\features\trading_hub\arc_raiders\data\arc_blueprint_seed_data.dart | lib\features\trading_hub\arc_raiders\data\arc_trade_catalog.dart | lib\features\trading_hub\arc_raiders\data\unified_item_index.dart"
"extended-light-mag-i","lib\features\trading_hub\arc_raiders\data\unified_item_index.dart","2","lib\features\trading_hub\arc_raiders\data\arc_trade_catalog.dart | lib\features\trading_hub\arc_raiders\data\unified_item_index.dart"
"extended-light-mag-ii","lib\features\trading_hub\arc_raiders\data\arc_blueprint_seed_data.dart","3","lib\features\trading_hub\arc_raiders\data\arc_blueprint_seed_data.dart | lib\features\trading_hub\arc_raiders\data\arc_trade_catalog.dart | lib\features\trading_hub\arc_raiders\data\unified_item_index.dart"
"extended-light-mag-iii","lib\features\trading_hub\arc_raiders\data\arc_blueprint_seed_data.dart","3","lib\features\trading_hub\arc_raiders\data\arc_blueprint_seed_data.dart | lib\features\trading_hub\arc_raiders\data\arc_trade_catalog.dart | lib\features\trading_hub\arc_raiders\data\unified_item_index.dart"
"extended-medium-mag-i","lib\features\trading_hub\arc_raiders\data\unified_item_index.dart","2","lib\features\trading_hub\arc_raiders\data\arc_trade_catalog.dart | lib\features\trading_hub\arc_raiders\data\unified_item_index.dart"
"extended-medium-mag-ii","lib\features\trading_hub\arc_raiders\data\arc_blueprint_seed_data.dart","3","lib\features\trading_hub\arc_raiders\data\arc_blueprint_seed_data.dart | lib\features\trading_hub\arc_raiders\data\arc_trade_catalog.dart | lib\features\trading_hub\arc_raiders\data\unified_item_index.dart"
"extended-medium-mag-iii","lib\features\trading_hub\arc_raiders\data\arc_blueprint_seed_data.dart","3","lib\features\trading_hub\arc_raiders\data\arc_blueprint_seed_data.dart | lib\features\trading_hub\arc_raiders\data\arc_trade_catalog.dart | lib\features\trading_hub\arc_raiders\data\unified_item_index.dart"
"extended-shotgun-mag-i","lib\features\trading_hub\arc_raiders\data\unified_item_index.dart","2","lib\features\trading_hub\arc_raiders\data\arc_trade_catalog.dart | lib\features\trading_hub\arc_raiders\data\unified_item_index.dart"
"extended-shotgun-mag-ii","lib\features\trading_hub\arc_raiders\data\arc_blueprint_seed_data.dart","3","lib\features\trading_hub\arc_raiders\data\arc_blueprint_seed_data.dart | lib\features\trading_hub\arc_raiders\data\arc_trade_catalog.dart | lib\features\trading_hub\arc_raiders\data\unified_item_index.dart"
"extended-shotgun-mag-iii","lib\features\trading_hub\arc_raiders\data\arc_blueprint_seed_data.dart","3","lib\features\trading_hub\arc_raiders\data\arc_blueprint_seed_data.dart | lib\features\trading_hub\arc_raiders\data\arc_trade_catalog.dart | lib\features\trading_hub\arc_raiders\data\unified_item_index.dart"
"fabric","lib\features\trading_hub\arc_raiders\data\unified_item_index.dart","3","lib\features\trading_hub\arc_raiders\data\arc_trade_catalog.dart | lib\features\trading_hub\arc_raiders\data\trade_items_data.dart | lib\features\trading_hub\arc_raiders\data\unified_item_index.dart"
"faded-photograph","lib\features\trading_hub\arc_raiders\data\unified_item_index.dart","2","lib\features\trading_hub\arc_raiders\data\trade_items_data.dart | lib\features\trading_hub\arc_raiders\data\unified_item_index.dart"
"ferro","lib\features\trading_hub\arc_raiders\data\unified_item_index.dart","2","lib\features\trading_hub\arc_raiders\data\arc_trade_catalog.dart | lib\features\trading_hub\arc_raiders\data\unified_item_index.dart"
"fertiliser","lib\features\trading_hub\arc_raiders\data\unified_item_index.dart","2","lib\features\trading_hub\arc_raiders\data\trade_items_data.dart | lib\features\trading_hub\arc_raiders\data\unified_item_index.dart"
"fertilizer","lib\features\trading_hub\arc_raiders\data\unified_item_index.dart","2","lib\features\trading_hub\arc_raiders\data\arc_trade_catalog.dart | lib\features\trading_hub\arc_raiders\data\unified_item_index.dart"
"film-reel","lib\features\trading_hub\arc_raiders\data\unified_item_index.dart","2","lib\features\trading_hub\arc_raiders\data\trade_items_data.dart | lib\features\trading_hub\arc_raiders\data\unified_item_index.dart"
"fine-wristwatch","lib\features\trading_hub\arc_raiders\data\unified_item_index.dart","2","lib\features\trading_hub\arc_raiders\data\trade_items_data.dart | lib\features\trading_hub\arc_raiders\data\unified_item_index.dart"
"fireball-burner","lib\features\trading_hub\arc_raiders\data\unified_item_index.dart","2","lib\features\trading_hub\arc_raiders\data\arc_trade_catalog.dart | lib\features\trading_hub\arc_raiders\data\unified_item_index.dart"
"fireball-burners","lib\features\trading_hub\arc_raiders\data\unified_item_index.dart","2","lib\features\trading_hub\arc_raiders\data\arc_trade_catalog.dart | lib\features\trading_hub\arc_raiders\data\unified_item_index.dart"
"firefly-burner","lib\features\trading_hub\arc_raiders\data\unified_item_index.dart","3","lib\features\trading_hub\arc_raiders\data\arc_trade_catalog.dart | lib\features\trading_hub\arc_raiders\data\trade_items_data.dart | lib\features\trading_hub\arc_raiders\data\unified_item_index.dart"
"fireworks-box","lib\features\trading_hub\arc_raiders\data\arc_blueprint_seed_data.dart","2","lib\features\trading_hub\arc_raiders\data\arc_blueprint_seed_data.dart | lib\features\trading_hub\arc_raiders\data\unified_item_index.dart"
"flow-controller","lib\features\trading_hub\arc_raiders\data\unified_item_index.dart","2","lib\features\trading_hub\arc_raiders\data\arc_trade_catalog.dart | lib\features\trading_hub\arc_raiders\data\unified_item_index.dart"
"frequency-modulation-box","lib\features\trading_hub\arc_raiders\data\unified_item_index.dart","2","lib\features\trading_hub\arc_raiders\data\arc_trade_catalog.dart | lib\features\trading_hub\arc_raiders\data\unified_item_index.dart"
"fried-motherboard","lib\features\trading_hub\arc_raiders\data\unified_item_index.dart","3","lib\features\trading_hub\arc_raiders\data\arc_trade_catalog.dart | lib\features\trading_hub\arc_raiders\data\trade_items_data.dart | lib\features\trading_hub\arc_raiders\data\unified_item_index.dart"
"fried-motherboards","lib\features\trading_hub\arc_raiders\data\unified_item_index.dart","2","lib\features\trading_hub\arc_raiders\data\arc_trade_catalog.dart | lib\features\trading_hub\arc_raiders\data\unified_item_index.dart"
"great-mullein","lib\features\trading_hub\arc_raiders\data\unified_item_index.dart","2","lib\features\trading_hub\arc_raiders\data\trade_items_data.dart | lib\features\trading_hub\arc_raiders\data\unified_item_index.dart"
"hairpin","lib\features\trading_hub\arc_raiders\data\unified_item_index.dart","2","lib\features\trading_hub\arc_raiders\data\arc_trade_catalog.dart | lib\features\trading_hub\arc_raiders\data\unified_item_index.dart"
"harvester-components","lib\features\trading_hub\arc_raiders\data\unified_item_index.dart","2","lib\features\trading_hub\arc_raiders\data\trade_items_data.dart | lib\features\trading_hub\arc_raiders\data\unified_item_index.dart"
"heavy-gun-parts","lib\features\trading_hub\arc_raiders\data\arc_blueprint_seed_data.dart","3","lib\features\trading_hub\arc_raiders\data\arc_blueprint_seed_data.dart | lib\features\trading_hub\arc_raiders\data\trade_items_data.dart | lib\features\trading_hub\arc_raiders\data\unified_item_index.dart"
"high-durability-weapon","lib\features\trading_hub\arc_raiders\data\unified_item_index.dart","2","lib\features\trading_hub\arc_raiders\data\trade_items_data.dart | lib\features\trading_hub\arc_raiders\data\unified_item_index.dart"
"high-security-key","lib\features\trading_hub\arc_raiders\data\unified_item_index.dart","2","lib\features\trading_hub\arc_raiders\data\trade_items_data.dart | lib\features\trading_hub\arc_raiders\data\unified_item_index.dart"
"horizontal-grip","lib\features\trading_hub\arc_raiders\data\unified_item_index.dart","2","lib\features\trading_hub\arc_raiders\data\arc_trade_catalog.dart | lib\features\trading_hub\arc_raiders\data\unified_item_index.dart"
"hornet-driver","lib\features\trading_hub\arc_raiders\data\unified_item_index.dart","2","lib\features\trading_hub\arc_raiders\data\trade_items_data.dart | lib\features\trading_hub\arc_raiders\data\unified_item_index.dart"
"hornet-drivers","lib\features\trading_hub\arc_raiders\data\unified_item_index.dart","2","lib\features\trading_hub\arc_raiders\data\arc_trade_catalog.dart | lib\features\trading_hub\arc_raiders\data\unified_item_index.dart"
"hullcracker","lib\features\trading_hub\arc_raiders\data\arc_blueprint_seed_data.dart","3","lib\features\trading_hub\arc_raiders\data\arc_blueprint_seed_data.dart | lib\features\trading_hub\arc_raiders\data\arc_trade_catalog.dart | lib\features\trading_hub\arc_raiders\data\unified_item_index.dart"
"il-toro","lib\features\trading_hub\arc_raiders\data\arc_blueprint_seed_data.dart","3","lib\features\trading_hub\arc_raiders\data\arc_blueprint_seed_data.dart | lib\features\trading_hub\arc_raiders\data\arc_trade_catalog.dart | lib\features\trading_hub\arc_raiders\data\unified_item_index.dart"
"industrial-batteries","lib\features\trading_hub\arc_raiders\data\unified_item_index.dart","2","lib\features\trading_hub\arc_raiders\data\arc_trade_catalog.dart | lib\features\trading_hub\arc_raiders\data\unified_item_index.dart"
"industrial-battery","lib\features\trading_hub\arc_raiders\data\unified_item_index.dart","2","lib\features\trading_hub\arc_raiders\data\trade_items_data.dart | lib\features\trading_hub\arc_raiders\data\unified_item_index.dart"
"jupiter","lib\features\trading_hub\arc_raiders\data\arc_blueprint_seed_data.dart","3","lib\features\trading_hub\arc_raiders\data\arc_blueprint_seed_data.dart | lib\features\trading_hub\arc_raiders\data\arc_trade_catalog.dart | lib\features\trading_hub\arc_raiders\data\unified_item_index.dart"
"kettle","lib\features\trading_hub\arc_raiders\data\unified_item_index.dart","2","lib\features\trading_hub\arc_raiders\data\arc_trade_catalog.dart | lib\features\trading_hub\arc_raiders\data\unified_item_index.dart"
"kinetic-converter","lib\features\trading_hub\arc_raiders\data\unified_item_index.dart","2","lib\features\trading_hub\arc_raiders\data\arc_trade_catalog.dart | lib\features\trading_hub\arc_raiders\data\unified_item_index.dart"
"l4-weapon","lib\features\trading_hub\arc_raiders\data\unified_item_index.dart","2","lib\features\trading_hub\arc_raiders\data\trade_items_data.dart | lib\features\trading_hub\arc_raiders\data\unified_item_index.dart"
"laboratory-reagents","lib\features\trading_hub\arc_raiders\data\unified_item_index.dart","3","lib\features\trading_hub\arc_raiders\data\arc_trade_catalog.dart | lib\features\trading_hub\arc_raiders\data\trade_items_data.dart | lib\features\trading_hub\arc_raiders\data\unified_item_index.dart"
"leaper-pulse-units","lib\features\trading_hub\arc_raiders\data\unified_item_index.dart","2","lib\features\trading_hub\arc_raiders\data\arc_trade_catalog.dart | lib\features\trading_hub\arc_raiders\data\unified_item_index.dart"
"lemon","lib\features\trading_hub\arc_raiders\data\unified_item_index.dart","2","lib\features\trading_hub\arc_raiders\data\trade_items_data.dart | lib\features\trading_hub\arc_raiders\data\unified_item_index.dart"
"lemons","lib\features\trading_hub\arc_raiders\data\unified_item_index.dart","4","lib\features\trading_hub\arc_raiders\data\arc_scrappy_food_queue_data.dart | lib\features\trading_hub\arc_raiders\data\arc_scrappy_seed_data.dart | lib\features\trading_hub\arc_raiders\data\arc_trade_catalog.dart | lib\features\trading_hub\arc_raiders\data\unified_item_index.dart"
"leviathans-crown-ship-model","lib\features\trading_hub\arc_raiders\data\unified_item_index.dart","2","lib\features\trading_hub\arc_raiders\data\trade_items_data.dart | lib\features\trading_hub\arc_raiders\data\unified_item_index.dart"
"light-gun-parts","lib\features\trading_hub\arc_raiders\data\arc_blueprint_seed_data.dart","3","lib\features\trading_hub\arc_raiders\data\arc_blueprint_seed_data.dart | lib\features\trading_hub\arc_raiders\data\trade_items_data.dart | lib\features\trading_hub\arc_raiders\data\unified_item_index.dart"
"light-impact-grenade","lib\features\trading_hub\arc_raiders\data\unified_item_index.dart","2","lib\features\trading_hub\arc_raiders\data\trade_items_data.dart | lib\features\trading_hub\arc_raiders\data\unified_item_index.dart"
"lightweight-stock","lib\features\trading_hub\arc_raiders\data\arc_blueprint_seed_data.dart","3","lib\features\trading_hub\arc_raiders\data\arc_blueprint_seed_data.dart | lib\features\trading_hub\arc_raiders\data\arc_trade_catalog.dart | lib\features\trading_hub\arc_raiders\data\unified_item_index.dart"
"locked-room","lib\features\trading_hub\arc_raiders\data\unified_item_index.dart","2","lib\features\trading_hub\arc_raiders\data\trade_items_data.dart | lib\features\trading_hub\arc_raiders\data\unified_item_index.dart"
"locked-room-key","lib\features\trading_hub\arc_raiders\data\unified_item_index.dart","2","lib\features\trading_hub\arc_raiders\data\trade_items_data.dart | lib\features\trading_hub\arc_raiders\data\unified_item_index.dart"
"magnet","lib\features\trading_hub\arc_raiders\data\unified_item_index.dart","2","lib\features\trading_hub\arc_raiders\data\trade_items_data.dart | lib\features\trading_hub\arc_raiders\data\unified_item_index.dart"
"magnetic-accelerator","lib\features\trading_hub\arc_raiders\data\unified_item_index.dart","2","lib\features\trading_hub\arc_raiders\data\trade_items_data.dart | lib\features\trading_hub\arc_raiders\data\unified_item_index.dart"
"matriarch-components","lib\features\trading_hub\arc_raiders\data\unified_item_index.dart","2","lib\features\trading_hub\arc_raiders\data\trade_items_data.dart | lib\features\trading_hub\arc_raiders\data\unified_item_index.dart"
"matriarch-reactor","lib\features\trading_hub\arc_raiders\data\unified_item_index.dart","2","lib\features\trading_hub\arc_raiders\data\arc_trade_catalog.dart | lib\features\trading_hub\arc_raiders\data\unified_item_index.dart"
"mechanical-components","lib\features\trading_hub\arc_raiders\data\unified_item_index.dart","3","lib\features\trading_hub\arc_raiders\data\arc_trade_catalog.dart | lib\features\trading_hub\arc_raiders\data\trade_items_data.dart | lib\features\trading_hub\arc_raiders\data\unified_item_index.dart"
"medical-kit","lib\features\trading_hub\arc_raiders\data\unified_item_index.dart","2","lib\features\trading_hub\arc_raiders\data\trade_items_data.dart | lib\features\trading_hub\arc_raiders\data\unified_item_index.dart"
"medium-gun-parts","lib\features\trading_hub\arc_raiders\data\arc_blueprint_seed_data.dart","3","lib\features\trading_hub\arc_raiders\data\arc_blueprint_seed_data.dart | lib\features\trading_hub\arc_raiders\data\trade_items_data.dart | lib\features\trading_hub\arc_raiders\data\unified_item_index.dart"
"metal-parts","lib\features\trading_hub\arc_raiders\data\unified_item_index.dart","3","lib\features\trading_hub\arc_raiders\data\arc_trade_catalog.dart | lib\features\trading_hub\arc_raiders\data\trade_items_data.dart | lib\features\trading_hub\arc_raiders\data\unified_item_index.dart"
"micro-arc-reactor","lib\features\trading_hub\arc_raiders\data\unified_item_index.dart","2","lib\features\trading_hub\arc_raiders\data\trade_items_data.dart | lib\features\trading_hub\arc_raiders\data\unified_item_index.dart"
"mod-components","lib\features\trading_hub\arc_raiders\data\unified_item_index.dart","3","lib\features\trading_hub\arc_raiders\data\arc_trade_catalog.dart | lib\features\trading_hub\arc_raiders\data\trade_items_data.dart | lib\features\trading_hub\arc_raiders\data\unified_item_index.dart"
"modded-weapon","lib\features\trading_hub\arc_raiders\data\unified_item_index.dart","2","lib\features\trading_hub\arc_raiders\data\trade_items_data.dart | lib\features\trading_hub\arc_raiders\data\unified_item_index.dart"
"moss","lib\features\trading_hub\arc_raiders\data\unified_item_index.dart","2","lib\features\trading_hub\arc_raiders\data\trade_items_data.dart | lib\features\trading_hub\arc_raiders\data\unified_item_index.dart"
"motor","lib\features\trading_hub\arc_raiders\data\unified_item_index.dart","2","lib\features\trading_hub\arc_raiders\data\trade_items_data.dart | lib\features\trading_hub\arc_raiders\data\unified_item_index.dart"
"motors","lib\features\trading_hub\arc_raiders\data\unified_item_index.dart","2","lib\features\trading_hub\arc_raiders\data\arc_trade_catalog.dart | lib\features\trading_hub\arc_raiders\data\unified_item_index.dart"
"mushroom","lib\features\trading_hub\arc_raiders\data\unified_item_index.dart","2","lib\features\trading_hub\arc_raiders\data\trade_items_data.dart | lib\features\trading_hub\arc_raiders\data\unified_item_index.dart"
"mushrooms","lib\features\trading_hub\arc_raiders\data\unified_item_index.dart","4","lib\features\trading_hub\arc_raiders\data\arc_scrappy_food_queue_data.dart | lib\features\trading_hub\arc_raiders\data\arc_scrappy_seed_data.dart | lib\features\trading_hub\arc_raiders\data\arc_trade_catalog.dart | lib\features\trading_hub\arc_raiders\data\unified_item_index.dart"
"music-box","lib\features\trading_hub\arc_raiders\data\unified_item_index.dart","2","lib\features\trading_hub\arc_raiders\data\trade_items_data.dart | lib\features\trading_hub\arc_raiders\data\unified_item_index.dart"
"muzzle-brake-i","lib\features\trading_hub\arc_raiders\data\unified_item_index.dart","2","lib\features\trading_hub\arc_raiders\data\arc_trade_catalog.dart | lib\features\trading_hub\arc_raiders\data\unified_item_index.dart"
"muzzle-brake-ii","lib\features\trading_hub\arc_raiders\data\arc_blueprint_seed_data.dart","3","lib\features\trading_hub\arc_raiders\data\arc_blueprint_seed_data.dart | lib\features\trading_hub\arc_raiders\data\arc_trade_catalog.dart | lib\features\trading_hub\arc_raiders\data\unified_item_index.dart"
"muzzle-brake-iii","lib\features\trading_hub\arc_raiders\data\arc_blueprint_seed_data.dart","3","lib\features\trading_hub\arc_raiders\data\arc_blueprint_seed_data.dart | lib\features\trading_hub\arc_raiders\data\arc_trade_catalog.dart | lib\features\trading_hub\arc_raiders\data\unified_item_index.dart"
"oil","lib\features\trading_hub\arc_raiders\data\unified_item_index.dart","3","lib\features\trading_hub\arc_raiders\data\arc_trade_catalog.dart | lib\features\trading_hub\arc_raiders\data\trade_items_data.dart | lib\features\trading_hub\arc_raiders\data\unified_item_index.dart"
"olives","lib\features\trading_hub\arc_raiders\data\unified_item_index.dart","5","lib\features\trading_hub\arc_raiders\data\arc_scrappy_food_queue_data.dart | lib\features\trading_hub\arc_raiders\data\arc_scrappy_seed_data.dart | lib\features\trading_hub\arc_raiders\data\arc_trade_catalog.dart | lib\features\trading_hub\arc_raiders\data\trade_items_data.dart | lib\features\trading_hub\arc_raiders\data\unified_item_index.dart"
"osprey","lib\features\trading_hub\arc_raiders\data\arc_blueprint_seed_data.dart","3","lib\features\trading_hub\arc_raiders\data\arc_blueprint_seed_data.dart | lib\features\trading_hub\arc_raiders\data\arc_trade_catalog.dart | lib\features\trading_hub\arc_raiders\data\unified_item_index.dart"
"padded-stock","lib\features\trading_hub\arc_raiders\data\arc_blueprint_seed_data.dart","3","lib\features\trading_hub\arc_raiders\data\arc_blueprint_seed_data.dart | lib\features\trading_hub\arc_raiders\data\arc_trade_catalog.dart | lib\features\trading_hub\arc_raiders\data\unified_item_index.dart"
"patrol-car-key","lib\features\trading_hub\arc_raiders\data\unified_item_index.dart","2","lib\features\trading_hub\arc_raiders\data\arc_trade_catalog.dart | lib\features\trading_hub\arc_raiders\data\unified_item_index.dart"
"pilgrims-peak-security-code","lib\features\trading_hub\arc_raiders\data\unified_item_index.dart","2","lib\features\trading_hub\arc_raiders\data\arc_trade_catalog.dart | lib\features\trading_hub\arc_raiders\data\unified_item_index.dart"
"plastic-parts","lib\features\trading_hub\arc_raiders\data\unified_item_index.dart","3","lib\features\trading_hub\arc_raiders\data\arc_trade_catalog.dart | lib\features\trading_hub\arc_raiders\data\trade_items_data.dart | lib\features\trading_hub\arc_raiders\data\unified_item_index.dart"
"pop-trigger","lib\features\trading_hub\arc_raiders\data\unified_item_index.dart","2","lib\features\trading_hub\arc_raiders\data\trade_items_data.dart | lib\features\trading_hub\arc_raiders\data\unified_item_index.dart"
"pop-triggers","lib\features\trading_hub\arc_raiders\data\unified_item_index.dart","2","lib\features\trading_hub\arc_raiders\data\arc_trade_catalog.dart | lib\features\trading_hub\arc_raiders\data\unified_item_index.dart"
"portable-tv","lib\features\trading_hub\arc_raiders\data\unified_item_index.dart","2","lib\features\trading_hub\arc_raiders\data\trade_items_data.dart | lib\features\trading_hub\arc_raiders\data\unified_item_index.dart"
"power-cable","lib\features\trading_hub\arc_raiders\data\unified_item_index.dart","2","lib\features\trading_hub\arc_raiders\data\trade_items_data.dart | lib\features\trading_hub\arc_raiders\data\unified_item_index.dart"
"power-cables","lib\features\trading_hub\arc_raiders\data\unified_item_index.dart","2","lib\features\trading_hub\arc_raiders\data\arc_trade_catalog.dart | lib\features\trading_hub\arc_raiders\data\unified_item_index.dart"
"power-clips","lib\features\trading_hub\arc_raiders\data\unified_item_index.dart","2","lib\features\trading_hub\arc_raiders\data\trade_items_data.dart | lib\features\trading_hub\arc_raiders\data\unified_item_index.dart"
"power-rod","lib\features\trading_hub\arc_raiders\data\unified_item_index.dart","2","lib\features\trading_hub\arc_raiders\data\trade_items_data.dart | lib\features\trading_hub\arc_raiders\data\unified_item_index.dart"
"prickly-pear","lib\features\trading_hub\arc_raiders\data\unified_item_index.dart","2","lib\features\trading_hub\arc_raiders\data\trade_items_data.dart | lib\features\trading_hub\arc_raiders\data\unified_item_index.dart"
"prickly-pears","lib\features\trading_hub\arc_raiders\data\unified_item_index.dart","4","lib\features\trading_hub\arc_raiders\data\arc_scrappy_food_queue_data.dart | lib\features\trading_hub\arc_raiders\data\arc_scrappy_seed_data.dart | lib\features\trading_hub\arc_raiders\data\arc_trade_catalog.dart | lib\features\trading_hub\arc_raiders\data\unified_item_index.dart"
"processor","lib\features\trading_hub\arc_raiders\data\unified_item_index.dart","2","lib\features\trading_hub\arc_raiders\data\arc_trade_catalog.dart | lib\features\trading_hub\arc_raiders\data\unified_item_index.dart"
"queen-reactor","lib\features\trading_hub\arc_raiders\data\unified_item_index.dart","3","lib\features\trading_hub\arc_raiders\data\arc_trade_catalog.dart | lib\features\trading_hub\arc_raiders\data\trade_items_data.dart | lib\features\trading_hub\arc_raiders\data\unified_item_index.dart"
"raider-cache","lib\features\trading_hub\arc_raiders\data\unified_item_index.dart","2","lib\features\trading_hub\arc_raiders\data\trade_items_data.dart | lib\features\trading_hub\arc_raiders\data\unified_item_index.dart"
"raiders-refuge-security-code","lib\features\trading_hub\arc_raiders\data\unified_item_index.dart","2","lib\features\trading_hub\arc_raiders\data\arc_trade_catalog.dart | lib\features\trading_hub\arc_raiders\data\unified_item_index.dart"
"rattler","lib\features\trading_hub\arc_raiders\data\unified_item_index.dart","2","lib\features\trading_hub\arc_raiders\data\arc_trade_catalog.dart | lib\features\trading_hub\arc_raiders\data\unified_item_index.dart"
"recorder","lib\features\trading_hub\arc_raiders\data\unified_item_index.dart","2","lib\features\trading_hub\arc_raiders\data\trade_items_data.dart | lib\features\trading_hub\arc_raiders\data\unified_item_index.dart"
"red-coral-jewelry","lib\features\trading_hub\arc_raiders\data\unified_item_index.dart","2","lib\features\trading_hub\arc_raiders\data\trade_items_data.dart | lib\features\trading_hub\arc_raiders\data\unified_item_index.dart"
"renegade","lib\features\trading_hub\arc_raiders\data\unified_item_index.dart","2","lib\features\trading_hub\arc_raiders\data\arc_trade_catalog.dart | lib\features\trading_hub\arc_raiders\data\unified_item_index.dart"
"rocketeer-drivers","lib\features\trading_hub\arc_raiders\data\unified_item_index.dart","2","lib\features\trading_hub\arc_raiders\data\arc_trade_catalog.dart | lib\features\trading_hub\arc_raiders\data\unified_item_index.dart"
"roots","lib\features\trading_hub\arc_raiders\data\unified_item_index.dart","2","lib\features\trading_hub\arc_raiders\data\trade_items_data.dart | lib\features\trading_hub\arc_raiders\data\unified_item_index.dart"
"rubber-duck","lib\features\trading_hub\arc_raiders\data\unified_item_index.dart","2","lib\features\trading_hub\arc_raiders\data\trade_items_data.dart | lib\features\trading_hub\arc_raiders\data\unified_item_index.dart"
"rubber-parts","lib\features\trading_hub\arc_raiders\data\unified_item_index.dart","3","lib\features\trading_hub\arc_raiders\data\arc_trade_catalog.dart | lib\features\trading_hub\arc_raiders\data\trade_items_data.dart | lib\features\trading_hub\arc_raiders\data\unified_item_index.dart"
"rusted-gears","lib\features\trading_hub\arc_raiders\data\unified_item_index.dart","2","lib\features\trading_hub\arc_raiders\data\arc_trade_catalog.dart | lib\features\trading_hub\arc_raiders\data\unified_item_index.dart"
"rusted-shut-medical-kit","lib\features\trading_hub\arc_raiders\data\unified_item_index.dart","3","lib\features\trading_hub\arc_raiders\data\arc_trade_catalog.dart | lib\features\trading_hub\arc_raiders\data\trade_items_data.dart | lib\features\trading_hub\arc_raiders\data\unified_item_index.dart"
"rusted-shut-medical-kits","lib\features\trading_hub\arc_raiders\data\unified_item_index.dart","2","lib\features\trading_hub\arc_raiders\data\arc_trade_catalog.dart | lib\features\trading_hub\arc_raiders\data\unified_item_index.dart"
"rusted-tools","lib\features\trading_hub\arc_raiders\data\unified_item_index.dart","3","lib\features\trading_hub\arc_raiders\data\arc_trade_catalog.dart | lib\features\trading_hub\arc_raiders\data\trade_items_data.dart | lib\features\trading_hub\arc_raiders\data\unified_item_index.dart"
"rusty-arc-steel","lib\features\trading_hub\arc_raiders\data\unified_item_index.dart","2","lib\features\trading_hub\arc_raiders\data\arc_trade_catalog.dart | lib\features\trading_hub\arc_raiders\data\unified_item_index.dart"
"sample-cleaner","lib\features\trading_hub\arc_raiders\data\unified_item_index.dart","2","lib\features\trading_hub\arc_raiders\data\arc_trade_catalog.dart | lib\features\trading_hub\arc_raiders\data\unified_item_index.dart"
"sensors","lib\features\trading_hub\arc_raiders\data\unified_item_index.dart","3","lib\features\trading_hub\arc_raiders\data\arc_trade_catalog.dart | lib\features\trading_hub\arc_raiders\data\trade_items_data.dart | lib\features\trading_hub\arc_raiders\data\unified_item_index.dart"
"sentinel-firing-core","lib\features\trading_hub\arc_raiders\data\unified_item_index.dart","2","lib\features\trading_hub\arc_raiders\data\arc_trade_catalog.dart | lib\features\trading_hub\arc_raiders\data\unified_item_index.dart"
"sentinel-firing-cores","lib\features\trading_hub\arc_raiders\data\unified_item_index.dart","2","lib\features\trading_hub\arc_raiders\data\arc_trade_catalog.dart | lib\features\trading_hub\arc_raiders\data\unified_item_index.dart"
"shotgun-choke-i","lib\features\trading_hub\arc_raiders\data\unified_item_index.dart","2","lib\features\trading_hub\arc_raiders\data\arc_trade_catalog.dart | lib\features\trading_hub\arc_raiders\data\unified_item_index.dart"
"shotgun-choke-ii","lib\features\trading_hub\arc_raiders\data\arc_blueprint_seed_data.dart","3","lib\features\trading_hub\arc_raiders\data\arc_blueprint_seed_data.dart | lib\features\trading_hub\arc_raiders\data\arc_trade_catalog.dart | lib\features\trading_hub\arc_raiders\data\unified_item_index.dart"
"shotgun-choke-iii","lib\features\trading_hub\arc_raiders\data\arc_blueprint_seed_data.dart","3","lib\features\trading_hub\arc_raiders\data\arc_blueprint_seed_data.dart | lib\features\trading_hub\arc_raiders\data\arc_trade_catalog.dart | lib\features\trading_hub\arc_raiders\data\unified_item_index.dart"
"shotgun-silencer","lib\features\trading_hub\arc_raiders\data\arc_blueprint_seed_data.dart","3","lib\features\trading_hub\arc_raiders\data\arc_blueprint_seed_data.dart | lib\features\trading_hub\arc_raiders\data\arc_trade_catalog.dart | lib\features\trading_hub\arc_raiders\data\unified_item_index.dart"
"shredder-gyro","lib\features\trading_hub\arc_raiders\data\unified_item_index.dart","3","lib\features\trading_hub\arc_raiders\data\arc_trade_catalog.dart | lib\features\trading_hub\arc_raiders\data\trade_items_data.dart | lib\features\trading_hub\arc_raiders\data\unified_item_index.dart"
"silencer-i","lib\features\trading_hub\arc_raiders\data\arc_blueprint_seed_data.dart","3","lib\features\trading_hub\arc_raiders\data\arc_blueprint_seed_data.dart | lib\features\trading_hub\arc_raiders\data\arc_trade_catalog.dart | lib\features\trading_hub\arc_raiders\data\unified_item_index.dart"
"silencer-ii","lib\features\trading_hub\arc_raiders\data\arc_blueprint_seed_data.dart","3","lib\features\trading_hub\arc_raiders\data\arc_blueprint_seed_data.dart | lib\features\trading_hub\arc_raiders\data\arc_trade_catalog.dart | lib\features\trading_hub\arc_raiders\data\unified_item_index.dart"
"silencer-iii","lib\features\trading_hub\arc_raiders\data\unified_item_index.dart","2","lib\features\trading_hub\arc_raiders\data\arc_trade_catalog.dart | lib\features\trading_hub\arc_raiders\data\unified_item_index.dart"
"simple-gun-parts","lib\features\trading_hub\arc_raiders\data\unified_item_index.dart","2","lib\features\trading_hub\arc_raiders\data\trade_items_data.dart | lib\features\trading_hub\arc_raiders\data\unified_item_index.dart"
"snitch-scanner","lib\features\trading_hub\arc_raiders\data\unified_item_index.dart","2","lib\features\trading_hub\arc_raiders\data\trade_items_data.dart | lib\features\trading_hub\arc_raiders\data\unified_item_index.dart"
"snitch-scanners","lib\features\trading_hub\arc_raiders\data\unified_item_index.dart","2","lib\features\trading_hub\arc_raiders\data\arc_trade_catalog.dart | lib\features\trading_hub\arc_raiders\data\unified_item_index.dart"
"sorena-dorata-ship-model","lib\features\trading_hub\arc_raiders\data\unified_item_index.dart","2","lib\features\trading_hub\arc_raiders\data\trade_items_data.dart | lib\features\trading_hub\arc_raiders\data\unified_item_index.dart"
"spaceport-container-storage-key","lib\features\trading_hub\arc_raiders\data\unified_item_index.dart","2","lib\features\trading_hub\arc_raiders\data\arc_trade_catalog.dart | lib\features\trading_hub\arc_raiders\data\unified_item_index.dart"
"spaceport-control-tower-key","lib\features\trading_hub\arc_raiders\data\unified_item_index.dart","2","lib\features\trading_hub\arc_raiders\data\arc_trade_catalog.dart | lib\features\trading_hub\arc_raiders\data\unified_item_index.dart"
"spaceport-trench-tower-key","lib\features\trading_hub\arc_raiders\data\unified_item_index.dart","2","lib\features\trading_hub\arc_raiders\data\arc_trade_catalog.dart | lib\features\trading_hub\arc_raiders\data\unified_item_index.dart"
"spaceport-warehouse-key","lib\features\trading_hub\arc_raiders\data\unified_item_index.dart","2","lib\features\trading_hub\arc_raiders\data\arc_trade_catalog.dart | lib\features\trading_hub\arc_raiders\data\unified_item_index.dart"
"stable-stock-i","lib\features\trading_hub\arc_raiders\data\unified_item_index.dart","2","lib\features\trading_hub\arc_raiders\data\arc_trade_catalog.dart | lib\features\trading_hub\arc_raiders\data\unified_item_index.dart"
"stable-stock-ii","lib\features\trading_hub\arc_raiders\data\arc_blueprint_seed_data.dart","3","lib\features\trading_hub\arc_raiders\data\arc_blueprint_seed_data.dart | lib\features\trading_hub\arc_raiders\data\arc_trade_catalog.dart | lib\features\trading_hub\arc_raiders\data\unified_item_index.dart"
"stable-stock-iii","lib\features\trading_hub\arc_raiders\data\arc_blueprint_seed_data.dart","3","lib\features\trading_hub\arc_raiders\data\arc_blueprint_seed_data.dart | lib\features\trading_hub\arc_raiders\data\arc_trade_catalog.dart | lib\features\trading_hub\arc_raiders\data\unified_item_index.dart"
"stack-of-movie-tapes","lib\features\trading_hub\arc_raiders\data\unified_item_index.dart","2","lib\features\trading_hub\arc_raiders\data\trade_items_data.dart | lib\features\trading_hub\arc_raiders\data\unified_item_index.dart"
"standard-ammo","lib\features\trading_hub\arc_raiders\data\unified_item_index.dart","2","lib\features\trading_hub\arc_raiders\data\trade_items_data.dart | lib\features\trading_hub\arc_raiders\data\unified_item_index.dart"
"statuette","lib\features\trading_hub\arc_raiders\data\unified_item_index.dart","2","lib\features\trading_hub\arc_raiders\data\trade_items_data.dart | lib\features\trading_hub\arc_raiders\data\unified_item_index.dart"
"steel-spring","lib\features\trading_hub\arc_raiders\data\unified_item_index.dart","2","lib\features\trading_hub\arc_raiders\data\arc_trade_catalog.dart | lib\features\trading_hub\arc_raiders\data\unified_item_index.dart"
"steel-springs","lib\features\trading_hub\arc_raiders\data\unified_item_index.dart","2","lib\features\trading_hub\arc_raiders\data\trade_items_data.dart | lib\features\trading_hub\arc_raiders\data\unified_item_index.dart"
"stella-montis-archives-key","lib\features\trading_hub\arc_raiders\data\unified_item_index.dart","2","lib\features\trading_hub\arc_raiders\data\arc_trade_catalog.dart | lib\features\trading_hub\arc_raiders\data\unified_item_index.dart"
"stella-montis-assembly-admin-key","lib\features\trading_hub\arc_raiders\data\unified_item_index.dart","2","lib\features\trading_hub\arc_raiders\data\arc_trade_catalog.dart | lib\features\trading_hub\arc_raiders\data\unified_item_index.dart"
"stella-montis-medical-storage-key","lib\features\trading_hub\arc_raiders\data\unified_item_index.dart","2","lib\features\trading_hub\arc_raiders\data\arc_trade_catalog.dart | lib\features\trading_hub\arc_raiders\data\unified_item_index.dart"
"stella-montis-security-checkpoint-key","lib\features\trading_hub\arc_raiders\data\unified_item_index.dart","2","lib\features\trading_hub\arc_raiders\data\arc_trade_catalog.dart | lib\features\trading_hub\arc_raiders\data\unified_item_index.dart"
"stitcher","lib\features\trading_hub\arc_raiders\data\unified_item_index.dart","2","lib\features\trading_hub\arc_raiders\data\arc_trade_catalog.dart | lib\features\trading_hub\arc_raiders\data\unified_item_index.dart"
"suitcase","lib\features\trading_hub\arc_raiders\data\unified_item_index.dart","3","lib\features\trading_hub\arc_raiders\data\arc_container_types.dart | lib\features\trading_hub\arc_raiders\data\trade_items_data.dart | lib\features\trading_hub\arc_raiders\data\unified_item_index.dart"
"surveyor-vaults","lib\features\trading_hub\arc_raiders\data\unified_item_index.dart","2","lib\features\trading_hub\arc_raiders\data\arc_trade_catalog.dart | lib\features\trading_hub\arc_raiders\data\unified_item_index.dart"
"synthesized-fuel","lib\features\trading_hub\arc_raiders\data\unified_item_index.dart","3","lib\features\trading_hub\arc_raiders\data\arc_trade_catalog.dart | lib\features\trading_hub\arc_raiders\data\trade_items_data.dart | lib\features\trading_hub\arc_raiders\data\unified_item_index.dart"
"syringe","lib\features\trading_hub\arc_raiders\data\unified_item_index.dart","3","lib\features\trading_hub\arc_raiders\data\arc_trade_catalog.dart | lib\features\trading_hub\arc_raiders\data\trade_items_data.dart | lib\features\trading_hub\arc_raiders\data\unified_item_index.dart"
"tempest","lib\features\trading_hub\arc_raiders\data\arc_blueprint_seed_data.dart","3","lib\features\trading_hub\arc_raiders\data\arc_blueprint_seed_data.dart | lib\features\trading_hub\arc_raiders\data\arc_trade_catalog.dart | lib\features\trading_hub\arc_raiders\data\unified_item_index.dart"
"tick-pod","lib\features\trading_hub\arc_raiders\data\unified_item_index.dart","2","lib\features\trading_hub\arc_raiders\data\trade_items_data.dart | lib\features\trading_hub\arc_raiders\data\unified_item_index.dart"
"tick-pod-canister","lib\features\trading_hub\arc_raiders\data\unified_item_index.dart","2","lib\features\trading_hub\arc_raiders\data\trade_items_data.dart | lib\features\trading_hub\arc_raiders\data\unified_item_index.dart"
"tick-pods","lib\features\trading_hub\arc_raiders\data\unified_item_index.dart","2","lib\features\trading_hub\arc_raiders\data\arc_trade_catalog.dart | lib\features\trading_hub\arc_raiders\data\unified_item_index.dart"
"toasters","lib\features\trading_hub\arc_raiders\data\unified_item_index.dart","2","lib\features\trading_hub\arc_raiders\data\arc_trade_catalog.dart | lib\features\trading_hub\arc_raiders\data\unified_item_index.dart"
"torrente","lib\features\trading_hub\arc_raiders\data\arc_blueprint_seed_data.dart","3","lib\features\trading_hub\arc_raiders\data\arc_blueprint_seed_data.dart | lib\features\trading_hub\arc_raiders\data\arc_trade_catalog.dart | lib\features\trading_hub\arc_raiders\data\unified_item_index.dart"
"turbine-compressor","lib\features\trading_hub\arc_raiders\data\unified_item_index.dart","2","lib\features\trading_hub\arc_raiders\data\trade_items_data.dart | lib\features\trading_hub\arc_raiders\data\unified_item_index.dart"
"twilight-compass-ship-model","lib\features\trading_hub\arc_raiders\data\unified_item_index.dart","2","lib\features\trading_hub\arc_raiders\data\trade_items_data.dart | lib\features\trading_hub\arc_raiders\data\unified_item_index.dart"
"vaporizer-regulator","lib\features\trading_hub\arc_raiders\data\unified_item_index.dart","2","lib\features\trading_hub\arc_raiders\data\trade_items_data.dart | lib\features\trading_hub\arc_raiders\data\unified_item_index.dart"
"vase","lib\features\trading_hub\arc_raiders\data\unified_item_index.dart","2","lib\features\trading_hub\arc_raiders\data\trade_items_data.dart | lib\features\trading_hub\arc_raiders\data\unified_item_index.dart"
"velocity-ship-model","lib\features\trading_hub\arc_raiders\data\unified_item_index.dart","2","lib\features\trading_hub\arc_raiders\data\trade_items_data.dart | lib\features\trading_hub\arc_raiders\data\unified_item_index.dart"
"venator","lib\features\trading_hub\arc_raiders\data\arc_blueprint_seed_data.dart","3","lib\features\trading_hub\arc_raiders\data\arc_blueprint_seed_data.dart | lib\features\trading_hub\arc_raiders\data\arc_trade_catalog.dart | lib\features\trading_hub\arc_raiders\data\unified_item_index.dart"
"vertical-grip-i","lib\features\trading_hub\arc_raiders\data\unified_item_index.dart","2","lib\features\trading_hub\arc_raiders\data\arc_trade_catalog.dart | lib\features\trading_hub\arc_raiders\data\unified_item_index.dart"
"vertical-grip-ii","lib\features\trading_hub\arc_raiders\data\arc_blueprint_seed_data.dart","3","lib\features\trading_hub\arc_raiders\data\arc_blueprint_seed_data.dart | lib\features\trading_hub\arc_raiders\data\arc_trade_catalog.dart | lib\features\trading_hub\arc_raiders\data\unified_item_index.dart"
"vertical-grip-iii","lib\features\trading_hub\arc_raiders\data\arc_blueprint_seed_data.dart","3","lib\features\trading_hub\arc_raiders\data\arc_blueprint_seed_data.dart | lib\features\trading_hub\arc_raiders\data\arc_trade_catalog.dart | lib\features\trading_hub\arc_raiders\data\unified_item_index.dart"
"very-comfortable-pillows","lib\features\trading_hub\arc_raiders\data\unified_item_index.dart","3","lib\features\trading_hub\arc_raiders\data\arc_scrappy_seed_data.dart | lib\features\trading_hub\arc_raiders\data\arc_trade_catalog.dart | lib\features\trading_hub\arc_raiders\data\unified_item_index.dart"
"vita-shot","lib\features\trading_hub\arc_raiders\data\arc_blueprint_seed_data.dart","2","lib\features\trading_hub\arc_raiders\data\arc_blueprint_seed_data.dart | lib\features\trading_hub\arc_raiders\data\unified_item_index.dart"
"voltage-converter","lib\features\trading_hub\arc_raiders\data\unified_item_index.dart","2","lib\features\trading_hub\arc_raiders\data\arc_trade_catalog.dart | lib\features\trading_hub\arc_raiders\data\unified_item_index.dart"
"vortex-components","lib\features\trading_hub\arc_raiders\data\unified_item_index.dart","2","lib\features\trading_hub\arc_raiders\data\trade_items_data.dart | lib\features\trading_hub\arc_raiders\data\unified_item_index.dart"
"vulcano","lib\features\trading_hub\arc_raiders\data\arc_blueprint_seed_data.dart","3","lib\features\trading_hub\arc_raiders\data\arc_blueprint_seed_data.dart | lib\features\trading_hub\arc_raiders\data\arc_trade_catalog.dart | lib\features\trading_hub\arc_raiders\data\unified_item_index.dart"
"wasp-driver","lib\features\trading_hub\arc_raiders\data\unified_item_index.dart","2","lib\features\trading_hub\arc_raiders\data\trade_items_data.dart | lib\features\trading_hub\arc_raiders\data\unified_item_index.dart"
"wasp-drivers","lib\features\trading_hub\arc_raiders\data\unified_item_index.dart","2","lib\features\trading_hub\arc_raiders\data\arc_trade_catalog.dart | lib\features\trading_hub\arc_raiders\data\unified_item_index.dart"
"water-filter","lib\features\trading_hub\arc_raiders\data\unified_item_index.dart","2","lib\features\trading_hub\arc_raiders\data\trade_items_data.dart | lib\features\trading_hub\arc_raiders\data\unified_item_index.dart"
"weapon-case","lib\features\trading_hub\arc_raiders\data\unified_item_index.dart","2","lib\features\trading_hub\arc_raiders\data\trade_items_data.dart | lib\features\trading_hub\arc_raiders\data\unified_item_index.dart"
"wind-sprite-ship-model","lib\features\trading_hub\arc_raiders\data\unified_item_index.dart","2","lib\features\trading_hub\arc_raiders\data\trade_items_data.dart | lib\features\trading_hub\arc_raiders\data\unified_item_index.dart"
"wires","lib\features\trading_hub\arc_raiders\data\unified_item_index.dart","3","lib\features\trading_hub\arc_raiders\data\arc_trade_catalog.dart | lib\features\trading_hub\arc_raiders\data\trade_items_data.dart | lib\features\trading_hub\arc_raiders\data\unified_item_index.dart"
